sample_id,t,M_d,QSC,ASC,M_c,M_n
0,0.0,30000.0,2700.0,0.0,0.0,0.0
0,0.18885069963470924,20619.111313202295,1622.101882970195,207.8724168297543,0.24341893006083495,0.09232733123557213
0,0.3011427568155677,16498.715179653598,1360.5874688674362,138.29801488207042,0.26487477827396144,0.18678697726769608
0,0.4061010474741264,13394.847947448265,1189.7511552644464,97.44294486899666,0.24520781688512067,0.2683498102010203
0,0.7500821192342082,6766.270247725938,888.6434496729014,36.19106196757323,0.135164171477352,0.45286569782976055
0,1.1239087924175248,3220.6011562579442,757.777827810599,14.593049797614512,0.059705231780934974,0.5612345817520689
0,1.405899525147679,1839.8343648852228,711.6347177849971,7.832288483403145,0.03176736657495194,0.6110728843128775
0,1.7247484934428785,976.9358258987437,683.9524913728409,4.021540940203129,0.0157722283938733,0.640228851328349
0,1.9878359908825054,579.3909985878241,671.3953907527907,2.367356151513822,0.008994688507263234,0.6529452494486899
0,2.368357718018836,272.1483089260974,661.6248849714592,1.1316063287619997,0.004106663844928709,0.6624327592813594
0,2.7131137842552957,137.25892357834903,657.1656216013962,0.6007546858075412,0.002082403904145381,0.666542375295181
0,2.8139353343063402,112.36806667657314,656.3016071773258,0.5035840841891783,0.001718645484111349,0.6673078104594963
0,3.171156617282611,55.28146518507423,654.1747122850097,0.2816677791906617,0.0008975338413641429,0.6691104843093768
0,3.2812322898742505,44.425175118107234,653.7210659261423,0.23961721933213054,0.0007436456349840612,0.6694715230115281
0,3.6001289238032337,23.58484429494127,652.7238307776713,0.1590337897217366,0.00045050980308213614,0.6702150765553213
0,3.752825609984001,17.415822135243737,652.3600141536134,0.13521451821787023,0.0003643542135232005,0.6704632242426188
0,4.111779286688967,8.538584678289984,651.6724416219959,0.10096096578851306,0.00024091616457377112,0.6708883116904892
0,4.374217652763695,5.071294543338148,651.2598435038918,0.08758277334959605,0.00019288235788686203,0.6711143600044498
0,4.56413121992491,3.4777977687595776,650.9885707360908,0.08142994318361155,0.00017083709052132618,0.6712523407911511
0,4.790937386284208,2.2172244899970472,650.6837850533478,0.07655565002853522,0.00015340432353521278,0.6713991797565471
0,4.899433287627847,1.7874889816539525,650.5431700468685,0.07489079343587055,0.00014745995056188063,0.6714645825620545
0,5.036718270577717,1.3610188942027408,650.3687605956547,0.07323537055504684,0.00014155734682603152,0.6715440622792647
0,5.337905594985806,0.7484198923956182,649.9958515155598,0.07084565634543247,0.0001330620666005252,0.6717093940823129
0,5.632062448458081,0.417262001696155,649.6397561489782,0.0695384132484842,0.0001284447269018924,0.6718633691727228
0,5.916677981902458,0.23712216255851853,649.2995445563745,0.068812371684276,0.00012590720869467783,0.6720083837669619
0,6.1317812481810225,0.15471612587351607,649.044130131122,0.06846995460221275,0.0001247282155490555,0.672116442974109
0,6.530944228917786,0.07002612662295866,648.5724436068153,0.06809634136874872,0.00012347772748192362,0.6723149663416887
0,6.925194830550655,0.032011789344526594,648.1082453806748,0.0679023411770892,0.00012286914132207433,0.672509643404928
1,0.0,37896.7263926288,2621.344663529653,384.4227036913729,786.2915141158682,3010.418998328895
1,0.45532149338747147,15345.134789009486,976.7619244237727,92.08187514501863,126.9543083512734,1581.8237989963015
1,0.7618555125587535,8349.32853452262,719.3301846142134,36.280168889694245,37.21143493085108,1317.8350453032483
1,0.9785319397524845,5430.051938046642,631.5708119738092,20.581918807303285,15.635087458279505,1240.9431132245438
1,1.119060891259208,4107.908507127973,595.1178831150783,14.63583098224517,8.91281124255608,1219.4678016404127
1,1.4355073933174325,2191.400558269498,545.5978853981712,7.148127484491678,2.5177577651114547,1216.3838222634854
1,1.6931136900601502,1313.9915008178318,524.113375321766,4.129697075549885,0.9023693867959219,1218.0094488634982
1,1.886186252727837,895.5723691612402,514.0799562039167,2.774832192900498,0.41928223605972337,1218.497294703413
1,2.131936860377374,549.7395221200162,505.84250319734286,1.694903049587698,0.15884679896866138,1218.7616236115148
1,2.498783210682074,265.35996849082863,499.01166080499013,0.8334825418235877,0.03803754231446963,1218.8856473353371
1,2.878996265468949,124.72220708964844,495.4868131052323,0.41630345309154554,0.009054219171446541,1218.9162779957412
1,3.08633482448167,82.63516441049832,494.35271945677624,0.2926108158637741,0.004291372947288521,1218.921566463624
1,3.3577937737005983,48.201899731869084,493.33567665577306,0.19181709223590643,0.0017188284097209247,1218.9246061471638
1,3.554354591023381,32.62936488234002,492.81048620418113,0.14635537199466986,0.0009438680074123215,1218.9256195811183
1,3.83264460008329,18.777014827741947,492.25150574185847,0.10597987934394684,0.0004557272211632872,1218.9263581909688
1,4.03401796773543,12.58707205355327,491.933279062412,0.08795627601605768,0.0002983956952241247,1218.9266560405943
1,4.2515036678938785,8.17477792612639,491.6407010487226,0.07511329975830923,0.0002090158810813981,1218.9268730550773
1,4.618585973495317,3.943958613008496,491.2192083117884,0.06279508096937719,0.00014088299365727205,1218.9271224765334
1,4.78673325155533,2.8241543470766453,491.0445526633486,0.0595306358466036,0.00012570140171412717,1218.927212010523
1,5.073689394961143,1.5976205047043093,490.76192977797155,0.05594731712517152,0.00011042100959826598,1218.9273468958368
1,5.198893998035858,1.2457511996472228,490.6427619092825,0.054915824338592226,0.00010629143940721122,1218.927401256449
1,5.548687242331877,0.6220019833935969,490.318009646277,0.05307626194940221,9.923549305529056e-05,1218.9275447943853
1,5.884816734578482,0.319164986359698,490.0127626671989,0.05216828709906173,9.591298120036382e-05,1218.9276760583682
1,6.056627567476368,0.22690260842894425,489.8582054928994,0.051885359443337206,9.490614631094695e-05,1218.927741772536
1,6.4195728367195795,0.11035121734707957,489.5336148618777,0.05151457751548565,9.362132872267272e-05,1218.9278788580082
1,6.537143247161138,0.08738848245909824,489.42884472498764,0.05143728953052531,9.33620305173103e-05,1218.9279229328067
1,6.737978365324836,0.05865409137239098,489.2501607018311,0.05133562270535009,9.30293088403541e-05,1218.92799797967
2,0.0,17367.585538801195,2307.7982371321696,372.5158252249112,272.25503675065266,2473.792888647196
2,0.31523755665450093,9287.982032877115,1670.5609763317657,93.93753013176364,77.11777313023688,2012.662991204424
2,0.6541348377406893,4738.664178800579,1364.08522458779,38.739607349804764,19.88387253074083,1839.6642169695028
2,0.8233275004388135,3386.688582352541,1283.377690723806,25.994727569517988,10.118642588386018,1819.7012179293752
2,0.9389338907581364,2692.058478746043,1243.5789093819094,20.012061433480763,6.380074388342525,1821.4680856925715
2,1.160299442704595,1734.5352136331812,1190.4479973151492,12.355995117750957,2.6421062845116894,1825.2314530623944
2,1.3198533560573715,1263.5972896822764,1164.9859036166833,8.830837724554131,1.4024027137416148,1826.483269187732
2,1.447079269743108,981.4853622550806,1149.908848063539,6.79223670308451,0.8474196853073059,1827.0454042947194
2,1.7211789855391633,569.545041673492,1128.0367870784812,3.911796755161776,0.2883193256178505,1827.6148481493897
2,1.91078782538484,390.8604089201032,1118.5264932588595,2.697360926855733,0.13785843457856164,1827.7697907411216
2,2.212386288771748,214.7504544132119,1108.995594555368,1.520970415778082,0.04358172527981654,1827.8685419150534
2,2.372240921962212,156.3429821898369,1105.731532091789,1.1353302753649104,0.02406397295952939,1827.889584851817
2,2.7548748551141613,73.13351762936122,1100.7880174397792,0.5898699053909127,0.006268133406786915,1827.9096745052555
2,2.96440790558761,48.24477571756798,1099.1240753275995,0.42763570583690086,0.003210701866342222,1827.913495088968
2,3.096056489458679,37.14772903317898,1098.3068942879183,0.3554409795137066,0.0021803261216473786,1827.9148971319064
2,3.3847889349205915,20.937327024904445,1096.922588810323,0.2501364222384851,0.0010414846087605115,1827.9166584770785
2,3.762935300840952,9.881799820072438,1095.619682868857,0.17841720714403544,0.0005123285227369967,1827.9177620854657
2,3.995048447255687,6.233057694171253,1094.9771142275195,0.1547553401605045,0.00038124107304062194,1827.9181715890397
2,4.381425595362908,2.893923848036931,1094.0445490197592,0.1330839748031129,0.00027995689430219007,1827.9186716464635
2,4.631394339469202,1.7620721194474493,1093.4928522959374,0.12571947166695496,0.0002496153906244406,1827.9189356183826
2,4.858962926923925,1.1211944901932722,1093.0102241672937,0.12153388224440934,0.0002332995811116865,1827.9191553725432
2,5.145026962528538,0.6353314252512444,1092.4197473035147,0.11833881478290964,0.00022131963839349864,1827.919415446655
2,5.5435559140991355,0.2880018559297102,1091.6140402350002,0.11601606400344078,0.00021291069015112624,1827.9197615294581
2,5.9282390165804655,0.13416282299015087,1090.8459008804793,0.11494499020352915,0.00020916966263768592,1827.9200867218096
2,6.166252558373194,0.08364309675903138,1090.3731214538252,0.1145703892302885,0.00020790792057342891,1827.9202857135604
2,6.493571211965682,0.04367116367228497,1089.7247489710956,0.11424544148930638,0.00020686093514921846,1827.9205578497606
3,0.0,47196.45303001149,2485.9564430540036,71.61056545827654,118.24899371243735,2.562278564806064
3,0.3481958868413333,23640.21184477212,828.7708603896086,122.78761606846469,29.58477027852533,54.21120163433791
3,0.6069895349003644,14141.191087835052,552.9449697772201,47.896406963008396,10.564521398393746,52.97998430384562
3,0.9427252451145067,7260.640582816514,408.7368627905124,17.8813290029427,2.784906622491332,49.0217963177886
3,1.167121999921208,4650.155665849187,363.68273236577903,10.134023483678044,1.1463712044395102,47.767761821263804
3,1.4874670714578269,2461.606582788069,329.40586602927056,4.847050131395745,0.3258733379715112,47.84899031200399
3,1.800809934854752,1321.398946317127,312.6698778568798,2.477406243899282,0.09701847019461536,48.08582916801486
3,2.1804278408387656,621.8087191352087,302.69080000538526,1.143239372278103,0.02337227287737699,48.164203076614854
3,2.314907630823037,476.10484622236515,300.61971923480877,0.8763994822963994,0.014377898542236171,48.17417445442349
3,2.6336121659459297,252.85082243602375,297.4110880530453,0.4747894122243702,0.004803782967602002,48.18525727287527
3,3.0118393445332976,119.31884630847077,295.4067914536488,0.23878079946060596,0.0014966105600826894,48.18950066076783
3,3.4022172015106915,54.96875538733823,294.33444133773145,0.12618864588183795,0.0005435495063314163,48.190948905671796
3,3.5066290930003023,44.67253474411172,294.14084955294953,0.10824449234050612,0.0004293698474214622,48.19115148562218
3,3.865721120073975,21.89907770456818,293.6449107487517,0.0686265551329552,0.00021418785531831396,48.19159047538426
3,4.260079632093879,10.008789683350447,293.2763623968866,0.047978472210423374,0.00012212077641338487,48.1918451867013
3,4.647242685977167,4.639908085686969,292.9990868255216,0.0386578775847255,8.50618532191358e-05,48.19200201348983
3,4.791871889646917,3.481003791907601,292.90686746699873,0.03664425924724569,7.742483828162751e-05,48.192049030248924
3,5.1836605337938035,1.5990112419776603,292.67395595934426,0.03336750164152642,6.528669948203402e-05,48.192159870926645
3,5.5506412005099595,0.7716925081744138,292.46841934892933,0.03191743764675862,6.004133435113038e-05,48.19225161555762
3,5.897353348772881,0.3877041531345203,292.2796595926043,0.03123511660999865,5.761254674113669e-05,48.19233321176524
3,6.14134972591523,0.23881033523721912,292.14850837629353,0.03096462959439523,5.666402743298319e-05,48.192389081121036
4,0.0,24265.559366194797,2066.601260717998,190.53805856293744,112.16578660093002,4105.4940826530465
4,0.5613164051028156,7960.842300475699,992.0752182111621,47.6634923512131,11.960849092209127,2296.619864829312
4,0.9383754530378565,3765.4869638188857,822.2240451977419,18.52590228846132,2.675433297664015,2103.331127972259
4,1.1182145347255443,2634.6079972876737,781.1522995407286,12.301976911872977,1.3142181869732699,2096.383293196365
4,1.3798948570122005,1566.9610016545682,743.998461970268,6.980506551042204,0.47065572562422536,2097.2446052096902
4,1.61272070570456,986.9448384086741,724.3856713559322,4.302210192554871,0.19087291469305395,2097.5337031560016
4,1.9920259004989065,464.72645380648,706.9197952039679,2.013339401325819,0.04556026884958379,2097.6872711314527
4,2.104179113855437,371.953456167328,703.8009840418546,1.6186165406334192,0.030232355409258435,2097.704067328684
4,2.423780972552405,197.19182037201642,697.8236254975807,0.8847310709083022,0.009875953630279065,2097.727228325461
4,2.708092946637104,112.12581379041563,694.7692083625361,0.5321062632161778,0.003967763757218864,2097.7345603050817
4,2.8166025561711603,90.39499757382447,693.9458400268201,0.4425154818032422,0.0028753694291029164,2097.7360342219763
4,3.1323684880191824,48.29437180587883,692.2209256294564,0.2695246701232719,0.0012380511616481994,2097.738464669083
4,3.237166006876254,39.22242905249714,691.8037049926439,0.23235013774725694,0.0009675423311136826,2097.7389250683896
4,3.5645513075831823,20.472899517606603,690.8035046337303,0.15563537549520345,0.0005002836986879647,2097.7398423670184
4,3.818378924561806,12.367823083856758,690.2311246212862,0.12251906630803552,0.0003364040787447479,2097.7402592820536
4,4.197110190800908,5.830206531470396,689.5523876682103,0.09581795000957942,0.0002208032307209351,2097.740669683797
4,4.316934939818131,4.596651363842455,689.3639906106355,0.09077787333921139,0.00020063649189528267,2097.7407706874606
4,4.669330123701846,2.2832197985265337,688.8514546154474,0.08131427577341202,0.00016419133035279915,2097.7410252750537
4,4.789337126331976,1.7988459644931623,688.686515642487,0.07932798317495328,0.00015678223669185544,2097.74110244184
4,4.992630119973214,1.201616812213574,688.4141980887649,0.07687251236026564,0.0001477452966566719,2097.741226305807
4,5.221719739557564,0.7622878999391202,688.1147763519435,0.07505665353590336,0.0001411572856384553,2097.741358780332
4,5.611538363792785,0.35157326814150075,687.6161276644149,0.07333714664351597,0.0001350182126680106,2097.7415740221563
4,5.8802079164613215,0.20619223460020086,687.2769701152021,0.07271186222491115,0.00013282902314568776,2097.7417182058316
5,0.0,19375.5322582824,2743.8610690485843,353.1593918654989,179.45594208776484,1294.0218588394714
5,0.18120521521965258,13520.948023297444,2063.257979292012,170.65934510067947,86.99864751703693,1115.0618859817737
5,0.3537079294479561,9599.435198802934,1737.8109604125912,101.06636374579459,43.673658947499725,1012.9785881321534
5,0.7201434256457101,4637.287287310474,1393.271374193669,38.715518082260154,10.127786069589833,919.7570297046482
5,0.8879042541709075,3323.484357169295,1313.0631045012942,26.097628097634495,5.195784233518116,911.1177566958921
5,1.0252706659214925,2530.0656982265027,1266.6259037672712,19.155929582139567,3.011930684338536,912.6191363110729
5,1.211769893023766,1747.0353622662778,1222.173463530726,12.77613715510661,1.4402924812215543,914.2120157291706
5,1.4876068124675859,1010.3113121318,1181.454240008586,7.18045600661695,0.4876983616891325,915.1839638581899
5,1.7538339631195663,595.5071079135946,1158.8500689149696,4.196600483488787,0.1739732189042999,915.5083818885206
5,2.0967471958933994,301.40985514730943,1142.7477400603975,2.1519534534502265,0.047795539561660404,915.6421430313229
5,2.3648899814952555,176.98745727212773,1135.7449351098464,1.304514884256144,0.018233007967626266,915.6749861347108
5,2.551416345824619,122.20823451130164,1132.5340494690288,0.9347472880268812,0.009662678883764882,915.6850528028394
5,2.7752852486288866,78.3502449912575,1129.8168999069123,0.6401904087058647,0.004744843735129919,915.6912292188322
5,3.1207215399201598,39.459889437926336,1127.1126229086542,0.38013170961778303,0.0018194875657844478,915.6953933615699
5,3.4086734786460857,22.27578825399152,1125.6437013667705,0.2655699383754582,0.0009527275405122287,915.6969218549406
5,3.7963967714553184,10.317420309799465,1124.2409568989942,0.18596578961285126,0.0005019080854531165,915.6979921441641
5,4.007218094782822,6.78861440029657,1123.6310804144478,0.16248573710982248,0.00039249935111334867,915.6983662310823
5,4.2730015479392085,4.004066244912278,1122.9477731050163,0.14395015288733934,0.0003136780796140652,915.6987383508649
5,4.551178808423159,2.305056729442743,1122.2951587173186,0.1326238825456638,0.0002687994255692882,915.6990606888
5,4.905666170905677,1.1400527596966925,1121.5151404925496,0.12482809829413727,0.00023938057466392094,915.6994193333427
5,5.0493082323616365,0.8573470236824371,1121.2088918458621,0.12292513882431211,0.00023239363180070174,915.6995550961502
5,5.271261333386074,0.551743913821902,1120.7425433727058,0.12085460775017753,0.00022489156529104898,915.699758349469
6,0.0,30344.183603965193,2570.3166770609905,60.03509780122157,529.8449782832531,1746.8092962480405
6,0.030146821997742927,28581.1177720061,2246.1228004126756,280.90923264272055,469.55576364417414,1678.8894368132947
6,0.37695870605219356,14355.697778295435,1196.284164060906,105.25300774759882,117.126782934817,1205.9537112039466
6,0.6015739172635609,9190.265036113604,954.3520658345337,53.085476429293635,47.662157170419704,1069.6575202301226
6,0.9505151128469917,4596.610597658484,777.6591580818185,21.4183236858165,11.805853796373219,983.5558781491175
6,1.0535014810891794,3746.3235125303377,748.4089272041845,16.77605865024981,7.82141602458135,976.5795237853894
6,1.2630153284166605,2471.4434701080063,706.379642987502,10.435647892925337,3.3898333165144474,977.347175199445
6,1.3866043395663525,1933.5780874280201,689.2652025972287,7.9709431367592485,2.0712250625479856,978.6739643080502
6,1.6823887124673442,1074.7701932522873,662.6124452401723,4.280372927749108,0.6396761545173026,980.1181922935373
6,1.8645434420472113,748.5491663444102,652.6576687173384,2.9545470002068637,0.3113508442420294,980.4512314370667
6,2.175339063245147,403.85835525600055,642.1521614664747,1.5978879007617766,0.0922111443989025,980.6753281059856
6,2.558479491327774,188.7162620936271,635.4569507388779,0.7738714609920738,0.021300621453526142,980.7493808312666
6,2.6965246220061485,143.47183291952695,633.9912418629217,0.6028105973010565,0.012764781860472443,980.7586006653493
6,3.055958110626381,70.2803600813977,631.4711514977142,0.32775432161080076,0.0035965891087873228,980.7689369351334
6,3.1737973561064825,55.61856856201831,630.9150700326583,0.27290711787267663,0.002444234033438116,980.7703445948664
6,3.3880285085997492,36.348011738565006,630.1171464923057,0.20095077022748356,0.001273946283177279,980.771878402396
6,3.616960726953322,23.070723994768123,629.47519438937,0.1514610005882373,0.0006937482832305212,980.7727475518789
6,3.8636155910033616,14.136504003823715,628.9380581626386,0.11819838539776349,0.0004063257087445525,980.7732733425906
6,4.256554287584175,6.47907732093217,628.2713848727075,0.08970622533762006,0.00022529676302312384,980.7737448794634
6,4.589261644014723,3.346990693929431,627.8032595134235,0.07804558290558601,0.00016841068510908263,980.7740022669892
7,0.0,28745.825310719567,2720.323073237993,39.7600473261257,456.12610285868726,1093.011569986696
7,0.21620015390348274,18712.993254550387,1598.6222769521446,185.21561000044298,191.9389532130303,936.7591104763147
7,0.3971511895537228,13065.032800831721,1253.3663944009872,100.04555235231135,93.03349931483284,843.354027111463
7,0.7560872508105183,6406.162179824417,934.543352941617,36.00457659149341,22.134210550566216,744.5835255091032
7,1.1204794026318252,3107.1536429649605,805.6788382269848,14.967827703984007,5.163402274666673,722.5271510640307
7,1.373691354294919,1879.3677084051253,761.8946227909028,8.564905245849094,1.8831306124055776,725.7606473987804
7,1.5769800735836166,1255.2007140310434,740.3879399074526,5.575390000572044,0.8402228278620217,726.8137911199082
7,1.975455278031892,568.9443306331219,717.162583873242,2.4844140205614886,0.17489792007141658,727.4901129454017
7,2.170238341642202,386.4740046082104,710.9872361102276,1.6961405170294885,0.08207195951140589,727.5858489014419
7,2.3250520553201706,284.1991323202641,707.4890625352683,1.2603970511595264,0.045322271603807814,727.6242425303401
7,2.6890814917113914,137.9466989964581,702.3329944330818,0.6448951650175482,0.011699195030133908,727.6602775018902
7,3.0327821111447677,69.71442153670299,699.7191021459154,0.3608415946495947,0.00356385525030312,727.6696238792262
7,3.333148932816173,38.39915205144608,698.3420710514215,0.23115556056211933,0.0014189856542970636,727.6723984005604
7,3.7206730223495588,17.788378846982447,697.1973544078095,0.14603956197461956,0.0005461107497061561,727.6737852189765
7,4.0983873955138845,8.402631933159165,696.4227274554627,0.10733569108531227,0.0002886903331764759,727.6743825282931
7,4.422861946504411,4.411470757919696,695.886979169472,0.09087702412898935,0.00020542043616358287,727.6746965641688
7,4.781072369368714,2.1666287202329886,695.3644395940038,0.08160507675014123,0.00016534706127717996,727.6749588803596
7,4.955216391465346,1.5332431488788625,695.1250441596845,0.07898105249074841,0.0001549001625155468,727.6750704666412
7,5.097590358535656,1.155432455361914,694.9338151212676,0.07741129559776219,0.00014884231846212323,727.6751570946676
7,5.398608913330136,0.6356707511307736,694.5385019360768,0.075238828792078,0.00014070706977485897,727.6753313382767
7,5.712994474326562,0.34045471018968443,694.1337015910052,0.07398676880844188,0.00013616714031192484,727.6755055665989
7,5.863110352961244,0.252701050402626,693.9421782789103,0.07360731161418624,0.00013482033869796265,727.6755871091419
7,6.081777534892707,0.1636984496926534,693.6645156441338,0.07321385250902186,0.00013344626101257392,727.6757046822379
7,6.4548542647575236,0.07804104013411628,693.1931303660615,0.07281401189812403,0.00013209271507464102,727.6759031937349
7,6.72327449502259,0.04580111866697061,692.8551048013446,0.07264680282165556,0.0001315549237323624,727.6760450615318
7,6.996775269500472,0.02661362741418443,692.5112817014665,0.0725324091582356,0.00013120848949194744,727.6761891386791
8,0.0,39696.78527672354,2983.158172409595,425.60680599847,248.6431012432463,4233.083599971923
8,0.39997692031904214,17941.63657676955,1050.9029605861053,116.57432947565786,50.34702334271075,1817.3574277936273
8,0.5018995851183352,14654.009676301392,912.3161119340472,81.99405536276757,33.51012667516463,1616.8148070031018
8,0.8336943454859518,7582.866602772552,669.0873761754959,30.59215192319177,8.91893346400915,1292.4322204587318
8,1.2271740596379956,3471.70150441282,556.4823671056699,11.555619254949187,1.8657741673228632,1195.6382690670346
8,1.5041350681342809,2003.0623804465572,520.5579440666789,6.235480234548729,0.624254132940421,1194.9876100070205
8,1.7000395590190804,1357.578691854611,505.3883450664052,4.11295877725556,0.2894569106606475,1195.3296332565208
8,1.8562918737374159,995.4264115351152,497.01540608645496,2.9768121795495985,0.15757465882038574,1195.465489211387
8,2.1580498639124768,546.7637056130724,486.7248872615762,1.6222831963726132,0.049645714451546565,1195.578284494918
8,2.3165820834495183,399.110779528145,483.3298423963547,1.1891243558309648,0.027455210750872094,1195.6020747757846
8,2.589888451204876,231.9687064801994,479.4316900533445,0.7062638611523124,0.010238508160405002,1195.6211222778718
8,2.8705602041187634,132.85816617631167,477.03152736426574,0.4236966536680334,0.003963779025838583,1195.6285181080236
8,3.2592871320560777,61.40585668273616,475.14769199770126,0.22174691333577293,0.0012408089882298841,1195.6321127204824
8,3.3809667117150406,48.22006121642667,474.7578611412721,0.1846445419352778,0.0009015823100134481,1195.6326303612916
8,3.630958558812626,29.354958131649834,474.1354555974565,0.1316540539690771,0.0005042383539809826,1195.6333099513752
8,3.9541878025974206,15.450079946322393,473.5579653172956,0.092665222656134,0.0002770529869253945,1195.6337947617808
8,4.107355824739819,11.39912560985129,473.3392553355276,0.08131618498640353,0.00022127951695643543,1195.6339466763498
8,4.323775844275175,7.417967274560999,473.0679363231952,0.07016474032149096,0.0001710038741813401,1195.6341149957211
8,4.442644493811666,5.857795401131741,472.93247151849914,0.06579408706258992,0.00015251863598600085,1195.6341919178672
8,4.760408752944399,3.1173567773995146,472.6013114906765,0.05811172441295561,0.00012169741889648061,1195.6343643405378
8,4.886739118972245,2.425542422670774,472.478275748596,0.05616935564590703,0.00011424265157653807,1195.6344240233718
8,5.105266631479635,1.5716951146706595,472.2728964596949,0.053767358886226205,0.000105217258446856,1195.6345198800939
8,5.4673234208158545,0.7657897456608829,471.9459026337701,0.05148761027670093,9.686130368429396e-05,1195.6346658387392
8,5.709013521840858,0.4738892675685061,471.7330308995597,0.050652510465598495,9.386225682995202e-05,1195.6347581453945
8,6.082800101933124,0.22559751450279325,471.4083634352761,0.049927540282772694,9.130353693934664e-05,1195.6348966848843
9,0.0,30870.06032652762,2178.492073780909,338.4271354700233,834.8592934681026,2951.584471862136
9,0.5361419824172107,10647.015279503637,905.849802181148,58.58116873902753,97.46834658907572,1799.051646480997
9,0.9107391704507405,5060.414814621786,706.8415051990883,21.450561550148567,21.743974199138044,1604.9748501099075
9,1.0489600731654125,3845.759351510908,669.2189399491448,15.401289765831361,12.504222044767412,1584.7249886728619
9,1.171028944764602,3018.0979573324,644.6178985446533,11.631579340074653,7.67465719769314,1582.0420511529298
9,1.2921268208353673,2373.0004117605945,625.9944519547098,8.879932625665688,4.72903136515733,1584.9865370498324
9,1.6527831091395633,1159.5629149534175,592.159516949054,4.123071471557602,1.1212888385131146,1588.6104036463535
9,1.9430041029437963,651.6528820465394,578.3592961171414,2.2865334835730318,0.35379403699763906,1589.3844323006688
9,2.1919756110834525,397.48932160500254,571.4584165066652,1.40046956834122,0.13234894791383142,1589.6091313301365
9,2.3410386359423967,295.66702435248885,568.6644887417955,1.0515907124326345,0.07378670776316211,1589.6690068877047
9,2.643158667260579,162.27919468853577,564.9142840123787,0.5998253714166512,0.02293002076130075,1589.7216195213412
9,2.8385638836143183,110.08882896261623,563.374456276908,0.4247041493759086,0.01095812034353523,1589.7343080839703
9,3.151827842594102,59.10483319246385,561.7494820630178,0.25453935373528686,0.003525847382406312,1589.7424905346174
9,3.389934441254299,36.83904274058689,560.938267606374,0.1805132479865691,0.0015891499213920946,1589.7447971703373
9,3.642175399417657,22.323422455621476,560.3115369689141,0.13235010661674745,0.0007506903992020836,1589.7459176656826
9,3.9790751191556186,11.437281229009402,559.6921481092992,0.096276911664869,0.0003396217201767575,1589.7466026501172
9,4.106898761812633,8.873174678416737,559.497223070222,0.08778444578625988,0.0002696512903079612,1589.746757628204
9,4.380526312809684,5.154039440796016,559.1252380734682,0.07546511142504092,0.00018621922814061046,1589.7470016601146
9,4.539696796998443,3.756615777092501,558.9284619447709,0.07083330369920583,0.0001603430779297367,1589.7471117041632
9,4.882137822542514,1.9035885911405381,558.5346855455437,0.06468107281574673,0.0001306028729340939,1589.7473085736285
9,5.128791633381292,1.1662607550852766,558.266413629452,0.062223040730064405,0.00012018926318603729,1589.7474321246743
9,5.525400233391638,0.5306427600722973,557.8492851600986,0.060085942676677835,0.000111831239500349,1589.7476156928374
9,5.680283230794354,0.39017997687961453,557.6892100146725,0.05960683962937862,0.00011005255767710435,1589.7476845667804
9,6.0691889728316335,0.18024199835051752,557.2910921930828,0.058874475385747985,0.00010741871510892884,1589.7478538792334
9,6.409464083814216,0.09173352226405453,556.9454040935632,0.05854731597432991,0.00010629444876622097,1589.7479996024956
9,6.653842232786796,0.056465084299467165,556.6979880047937,0.05840554570947856,0.00010582906710338068,1589.748103521755
9,6.9979024520406865,0.02851311633857059,556.35038677017,0.05827738814290644,0.00010543302031992831,1589.7482492331424
10,0.0,43650.44003488682,2568.497668699361,171.2552056388215,834.9723530036857,1570.396906591579
10,0.5844917427708805,13676.823580852517,665.5367432231208,55.6971119128171,80.35837703641839,839.0377718665289
10,0.7990361767607521,8932.570880135045,540.6144634311125,29.211393967883005,34.034192912796065,754.8049199114442
10,0.9966998615909635,6032.607882410722,475.21095709264597,17.226079038438396,15.42439032927843,713.642510621126
10,1.3949078929539587,2735.9627821340837,409.62277933560637,6.699260447865942,3.137910220544175,694.8115763896728
10,1.7292650435768724,1408.5931682605144,385.53366658929673,3.2543696084783766,0.8268883843551369,697.1341024750152
10,1.9749255852107488,864.8987261363783,375.9757047956423,1.961072277957275,0.3115914886674257,697.6539336084207
10,2.2017141041381834,551.3105280942196,370.5058828996094,1.2448834698119235,0.12713427175374342,697.8409757738605
10,2.5649727758997223,268.0081144182759,365.5229136057113,0.6162361999778332,0.030759688504788957,697.9396953495344
10,2.69101723756419,208.66289313202134,364.45403821121977,0.48674713242109435,0.018942991193736193,697.9520128296947
10,3.0035428646383497,112.18375120123017,362.6518598721903,0.2778699414824171,0.00586126245282703,697.9659349618986
10,3.340289251749894,57.486143888609604,361.5293343942738,0.16036436923135325,0.0017867442536828315,697.9705276825224
10,3.6800481656647284,29.282829960732055,360.84320884271614,0.10004254478770175,0.0006192197121965099,697.9720071446743
10,3.876734183086678,19.816202411127072,360.55920009105904,0.0798364349796719,0.00036807906676864665,697.9723854158002
10,4.215725937910494,10.108872546114277,360.17859130253487,0.05913587311897516,0.00018323672376185221,697.9727379642549
10,4.383324470473194,7.2468769165604074,360.02232335109403,0.05303479265612841,0.00014266687025170195,697.9728463877277
10,4.5920168556185645,4.787760173793476,359.8459339862873,0.04779124634341153,0.0001128266890284808,697.9729521318679
10,4.817251289279879,3.061788027149548,359.6708597590947,0.044107793235637786,9.463292279818105e-05,697.9730450280564
10,5.079674284368928,1.818389753106118,359.479550505239,0.04144892612598516,8.291004058656496e-05,697.9731378097736
10,5.213458384031095,1.3942447104818805,359.3854921102245,0.04053933703105868,7.91719261257681e-05,697.9731812347942
10,5.435542724222887,0.8970452225450892,359.2327919426381,0.039469018780133376,7.495327881303907e-05,697.9732497137813
10,5.5356329312549635,0.7352880603621555,359.1650126919824,0.039119027012557,7.361712144603844e-05,697.973279520996
10,5.858947149159183,0.3869057423742744,358.9490039337755,0.038358194315585376,7.079242277329873e-05,697.97337293322
10,6.2145099228294605,0.19100519831631949,358.71465813086115,0.037918825276013625,6.922243451600667e-05,697.9734726194089
10,6.356189426565519,0.14417406459556392,358.62183202457237,0.03780999147574256,6.884442560937677e-05,697.973511834721
10,6.667325157345559,0.07771854390670634,358.4186590915443,0.037648134339530966,6.829739059096326e-05,697.9735973549127
11,0.0,34837.40904561393,2956.6433121280115,376.5473878920035,324.5167875022652,211.9039878971041
11,0.296874539810809,19321.614540069448,1358.3082686603045,162.78922767959753,99.02269633748789,272.3583914401983
11,0.690781152363706,8838.142818392796,862.0684102096682,46.0752149119452,20.51373933593815,249.62435165535496
11,1.0829764738194125,4056.668916302599,696.3337976442948,16.909826822104215,4.2928161107832,237.75660845669304
11,1.3340795675795862,2464.0219804514895,647.8658473950395,9.542502380775321,1.582509738489294,238.78718712279237
11,1.660113529154758,1289.7107707595626,613.985965733699,4.749319868218527,0.4364632612436982,239.94939392144795
11,2.034264829456707,613.5543291152911,595.0272633899236,2.218322931832195,0.10159362558266467,240.2932437431151
11,2.2771089510473326,378.81584097590394,588.4527099143686,1.3771946905595291,0.04026777930227737,240.35766852923405
11,2.636244823376458,185.67263610253784,582.9255175242056,0.6994274007380192,0.01080901726897783,240.3897203027037
11,2.94671539319502,100.2363809766257,580.3366395306665,0.40376072546414565,0.0037643069183882502,240.3979704512975
11,3.134892669987387,68.98512411546766,579.3140604422996,0.2962574612303412,0.0020952209930612366,240.40011179456982
11,3.4651883509824293,35.80581632619638,578.093566524428,0.1825115963793952,0.0008505001454282078,240.4019140900948
11,3.7363937867402797,20.896460851679564,577.4174755830758,0.13153211905265264,0.0004665090164769007,240.40260192197604
11,3.8645473327702717,16.202342316584105,577.1600532126602,0.11549810227902313,0.0003679344628055803,240.40281477325345
11,4.081961460661671,10.520740643332498,576.7835238135569,0.09609982739402603,0.00026279809727571067,240.40308536681485
11,4.2040837646810125,8.255263435919835,576.5964424516164,0.08836652369245314,0.00022519160796698656,240.40320438588446
11,4.446933853646112,5.097127278606605,576.2599393485846,0.0775844010285263,0.00017683792057768006,240.4033978692495
11,4.675495736088989,3.2379723539634386,575.9726089277638,0.07123201236767711,0.00015056918226099062,240.40354686735614
11,4.902616968980123,2.062331797818924,575.7048426534136,0.067208295459131,0.00013478292690199657,240.4036762340288
11,5.178507075057358,1.192591173200081,575.3943768717908,0.06422141128011492,0.00012350191975745516,240.40381850619727
12,0.0,12715.762382274785,2811.3342051825907,254.58674202215977,180.9651260723233,562.3076437067781
12,0.65363823696979,3473.006779507128,1760.7807302979422,36.57710893512052,13.27304739997599,584.3287914004991
12,0.9588533713922999,1894.526315589769,1638.86664692702,18.571349027495998,3.934509269423679,592.7879637124721
12,1.3059877789101315,950.9385765334806,1569.290144691351,8.985305863360889,0.9944363956807214,595.7611157029435
12,1.6750281485892593,456.99043633722624,1533.446104385731,4.297206425321205,0.23446910598192272,596.5380205767121
12,1.9500241626663022,264.7153816405248,1519.3381076358855,2.53191517283679,0.08167218237205416,596.6974507699196
12,2.0620896289376827,211.90546296533273,1515.3841107706,2.052877423086495,0.05358960390374279,596.7273858775644
12,2.3755356761730098,113.71952784582454,1507.771147613046,1.1689406087326226,0.01715307255382095,596.7673732106059
12,2.6462434324520174,66.43842447949527,1503.791645857744,0.7464409343389917,0.006872318936214304,596.7794935412592
12,2.994030599103137,33.303011855886005,1500.5788965841477,0.451604346437626,0.0024498737120443254,596.785381794693
12,3.25367874114544,19.890172341970413,1498.9574576021098,0.3325588242222005,0.001305499861276456,596.7872535120796
12,3.597651969754698,10.045947481858503,1497.3523003978,0.24528698316578046,0.0006994300045338094,596.7885668437029
12,3.9967550576764452,4.548094966337109,1495.8954979313016,0.19655648716274296,0.0004462268637536669,596.7894492054812
12,4.201921501086812,3.026566563722243,1495.2359865690762,0.1830559107280279,0.00038679919871210505,596.7897898832832
12,4.353227933093014,2.2410941180323762,1494.772708315967,0.17607658400875195,0.0003578943833571071,596.7900153076674
12,4.570730372929185,1.4550922014102738,1494.1303435798554,0.16907664913459972,0.0003301577399496554,596.7903144123355
12,4.896645369888887,0.7617545007313877,1493.2012531938042,0.1628673911160627,0.00030663255831588825,596.7907287971344
12,5.128414049446379,0.48082110164525504,1492.5553159134213,0.16032468703350947,0.00029731850257648344,596.7910091095238
12,5.404928082275143,0.27769670460407325,1491.7940094804912,0.1584563033977801,0.0002906253664049607,596.7913347317102
12,5.543135623851645,0.21104151416378664,1491.4160061845816,0.15783002640071478,0.00028842266494725707,596.7914951628645
12,5.860972677131839,0.11226847237576341,1490.5507724829552,0.1568704159403577,0.0002851175383931944,596.7918604482462
12,6.044997397691789,0.07791432377194603,1490.051589208846,0.15651606741943225,0.00028393532099992756,596.792070386123
12,6.202182665812995,0.05702042864444436,1489.6259156512494,0.15628784656891678,0.00028319451677939446,596.7922491103332
12,6.561067665387952,0.027957292627788115,1488.655738440757,0.15593096747366525,0.0002820943824024332,596.7926557945007
12,6.83039151172413,0.01637882523966219,1487.9287812716666,0.15575324569054488,0.0002815924293443789,596.7929601645055
13,0.0,44181.27567963106,2889.648687842011,273.9351938157479,187.29145583583085,806.3706231439754
13,0.12278682498955676,34622.530524033355,1684.2312184111827,372.07319684613236,114.77896327914047,590.3209643356392
13,0.4252264199797404,18991.617381690143,881.2561829065696,103.73480421151102,34.36210388670648,364.6565122163019
13,0.6340730052386213,12544.544537225329,667.472006833476,51.08902776148641,14.942147233944416,302.3171469439373
13,0.8330417549868021,8450.885631053035,557.5701599472303,28.470524655821574,6.766579765749334,271.1391050589877
13,1.2161450845555586,3949.3429896687317,455.94533836861115,10.777470274960033,1.4784304388559153,249.19121613001863
13,1.3759345867594044,2875.620700515063,434.3182092576406,7.4662367953986255,0.7865119770411009,248.4281643927975
13,1.629586684110725,1737.7524995435147,412.37132024289133,4.287990842868663,0.29068329326162257,248.93449235334487
13,1.7367906443121297,1404.6105370618648,406.1180631918273,3.41853164366772,0.19153721742354224,249.03661490422562
13,1.8858010716532165,1044.8665520187758,399.43977253872805,2.5094832378336944,0.10772966427380871,249.1235931115232
13,2.2508266917432853,506.1567212205847,389.52863251158686,1.2047978079999038,0.02717861576227989,249.2088311536002
13,2.5876009562190885,259.35202556249294,384.9461897603272,0.629307898382685,0.008143936920471453,249.23002130331398
13,2.8546516032352858,152.61921500228627,382.895813214527,0.384732237185762,0.0033547593552408256,249.2357695318433
13,3.021387622032694,109.6049869520501,382.03147204028636,0.28690722206575064,0.0020075708214777636,249.23751880623263
13,3.2887118968190863,64.45775391641169,381.062506503084,0.1846972576669204,0.0009512281215076874,249.23902278980765
13,3.3923558546531702,52.467984642997436,380.7830457170783,0.15763510834097816,0.0007319662803700023,249.2393701466965
13,3.7062539439345463,28.13767282453109,380.145211106221,0.10282689337908657,0.00036554571659707605,249.24002602081532
13,4.021279148103665,15.05076523247754,379.7019839472147,0.07340557495710341,0.0002116245097988467,249.24037746062626
13,4.315092655173571,8.399347789835193,379.3850013862572,0.05846512193505338,0.00014488853934150247,249.24058290642233
13,4.598494260456132,4.784306557597594,379.1278486357205,0.05034436492691851,0.00011182721627888877,249.24072682492303
13,4.7206091902434935,3.754821608799691,379.0262141801687,0.04803019218077192,0.00010282151645601856,249.24077927051476
14,0.0,10606.318231563448,2701.923474326612,216.41299860406093,949.8124883281872,2598.855715882662
14,0.4020646336685524,4773.91471282437,2039.917865349464,58.36971971282967,189.59767585965335,2908.6699839160797
14,0.6203206634772217,3094.994510536693,1891.0273135854288,34.993581292128546,79.06208229751519,2966.821422675514
14,1.0179276320516553,1405.3832500724168,1750.7956867997327,14.745567369468262,16.082607920764076,3029.6382074297
14,1.3950512392642098,664.6416743469505,1691.7760063059472,6.818457931291635,3.5578488828653736,3042.1909317318878
14,1.540653610020971,497.743403101185,1678.550313291969,5.108195479432761,1.988554180523161,3043.766466677047
14,1.81764178781583,287.19212443281583,1661.7213351004061,2.989738701579245,0.6595692919704875,3045.1033684203194
14,2.126506319646867,155.5259836878627,1650.871567303068,1.6871034826962732,0.1938477373993551,3045.574168003856
14,2.267469343937133,117.55651063761837,1647.6001702688184,1.3146435685982316,0.11129706861236446,3045.6582413555752
14,2.4612480380674846,80.01431669648554,1644.2095283855467,0.9478008542020587,0.05224977145418287,3045.7188588422487
14,2.7760233921451327,42.82683310778705,1640.492344812229,0.5858484583697608,0.0157073260007586,3045.757105915554
14,3.146355820171984,20.528310706879715,1637.7284334195847,0.3695090180334825,0.004170796650527746,3045.769887874361
14,3.3488786152338244,13.73238551621623,1636.6211228312886,0.303675788281031,0.0021833265425882857,3045.7723655968093
14,3.5205617287412085,9.76584255687507,1635.8166736439441,0.26526769264202965,0.0013495527532403286,3045.7735515980044
14,3.867099329560273,4.907972515519594,1634.4284234971453,0.2182274244187304,0.0006534141290093334,3045.774847540653
14,4.142594133627976,2.839720088935224,1633.4590285021736,0.198178484462024,0.0004645540945049011,3045.7754498869276
14,4.385570660139708,1.7531841262249288,1632.6593704226943,0.18762218285471374,0.0003907811799652046,3045.7758622465594
14,4.562415666568075,1.2340509914793438,1632.0977944465947,0.1825620681079899,0.0003616282054978668,3045.7761281954677
14,4.684213171162571,0.968763179933308,1631.7179899825023,0.17996733353793917,0.0003482319795607159,3045.776301395455
14,4.789580597431663,0.7858530152442567,1631.3929526148106,0.17817211929697313,0.0003395831351297048,3045.7764466269045
14,5.063571651600892,0.45621375609249726,1630.5588885765467,0.17491194389634226,0.0003251740027468962,3045.7768109519443
14,5.220904733638914,0.3337897915382213,1630.0851022180311,0.17368450284343073,0.00032018945743862297,3045.777014443689
14,5.61356462716696,0.1530667828473434,1628.9125212870247,0.17182388716053748,0.0003131339673121086,3045.7775122956823
14,5.745807795682804,0.11771617021008164,1628.5196920319597,0.17144302195185915,0.000311777374308905,3045.7776779739124
14,5.9814344321809365,0.07373085575658911,1627.8214047840397,0.170947354369587,0.0003100746452952086,3045.7779716964637
14,6.199832371302224,0.047786132941645194,1627.175541128838,0.17063061904906193,0.000309039006270967,3045.7782427694483
15,0.0,21548.526363937617,2912.5738114437954,345.71169121818957,511.6124318958368,4061.623407519692
15,0.1626180326998717,15602.397668571351,2055.7136266233015,197.15520417554345,266.76033440420434,3427.0935128833976
15,0.4872447502010523,8189.816175082635,1486.6603764843435,73.52127673613562,72.73235348650445,2814.5206155202545
15,0.7803561788251454,4576.265283617225,1265.0879399283397,34.687493726425565,22.511528890833443,2624.7614516330223
15,1.0980834843407064,2435.0134762080584,1148.2779426261636,16.713895078231804,6.324291173533776,2602.776247475641
15,1.2229260571096547,1900.508581330825,1120.6221570070768,12.73871273180458,3.8446757001093874,2605.269079153692
15,1.4287490818185764,1262.9355040171226,1088.3249585004123,8.245453454862755,1.6944332024094009,2607.434694301709
15,1.684699004118846,759.7118158186702,1063.2628104880307,4.883598721174987,0.6141303428337183,2608.5268744838895
15,1.9127153472379184,483.0784699176182,1049.548074063014,3.1030159204386507,0.250219379158212,2608.8972605684758
15,2.024900615799742,386.62907196299943,1044.7432008067844,2.493310754614766,0.16140284839368033,2608.988339756896
15,2.18310885226998,282.3991087427463,1039.5040409829348,1.8408344246367907,0.08737511261025978,2609.064829525449
15,2.566616246761368,131.86690902807774,1031.6908511839943,0.9103073850538592,0.020476319982731615,2609.1353822356587
15,2.7153871641873635,98.14272402363736,1029.8307214922993,0.7037699842811634,0.01191970194866574,2609.1448025013187
15,3.071002863926196,48.440867233318855,1026.841374261746,0.4007002318330326,0.0035506158595501086,2609.1545474733452
15,3.417644011645528,24.336762412940406,1025.0710859087974,0.2542998538273626,0.0012950778890391094,2609.1576039891634
15,3.63503213876896,15.806072279826983,1024.2695130611482,0.20257783373177465,0.0007758381462725424,2609.1584798184517
15,3.8750671947222393,9.81475061844575,1023.5449137549882,0.16627550688835988,0.0004974051072891626,2609.1590762303326
15,4.222267737017215,4.925186680132982,1022.6735689604604,0.1366502457991722,0.00032238962384999393,2609.1596277590434
15,4.526473634688278,2.6920547924218314,1022.0061771178345,0.12310450766602705,0.0002579040757954423,2609.15997680682
15,4.877556755616999,1.340679005371661,1021.2934930480936,0.11488120680570944,0.00022349013972367376,2609.160312486311
15,5.204835731366637,0.7000011403471369,1020.6583507926359,0.1109542713485543,0.00020833790378882038,2609.1605947041367
15,5.512217175198818,0.3802210613712616,1020.0752797064856,0.10896760863462975,0.000201016522579877,2609.1608465198296
16,0.0,21138.051202584433,2412.849847244147,138.47996615081104,523.8304430140364,2107.3790777904915
16,0.5759649931662122,6735.8149469804885,1241.0421532704545,50.30778188950062,52.167527808668176,1611.4161597960401
16,0.7296837994411102,4964.1830964023575,1146.4396571570396,34.12327292140965,28.201847372093628,1571.0247218984182
16,1.0541510819654838,2606.503981844676,1030.602858926885,16.05754100129301,7.706931164611736,1558.096098142921
16,1.1801554788998465,2029.4751375035785,1003.8612735677597,12.182742667469523,4.659066646657196,1561.1567543444248
16,1.407912350988053,1291.1746381814983,970.4631103654164,7.515163016106534,1.8793196231601685,1563.952406371479
16,1.6269379171340805,835.8408294887312,950.2449240456075,4.792884631464537,0.7871034681367798,1565.054208279686
16,1.7875883453267263,607.5434218695508,940.1684748577914,3.4716076858651053,0.41669519911373465,1565.429379288545
16,2.168959877917523,284.9043316125609,925.8378587525292,1.653240200023642,0.09343556872194404,1565.7593872425448
16,2.297392881425873,220.77815128503408,922.9258546309396,1.2986174413305331,0.05688760929979044,1565.7973002840765
16,2.3988627059224457,180.48686437124437,921.0659118551885,1.0769565089763635,0.03857770510998832,1565.8164800687864
16,2.595738947021639,122.09251458578376,918.2936380522808,0.7572950361437857,0.018393254565362987,1565.8379566134254
16,2.992962362494006,55.481115192072714,914.8546440487293,0.3949856767157743,0.004470091429655289,1565.8534683198257
16,3.1723709010105376,38.85582330385355,913.8653261366369,0.3049562276642686,0.0024941357006985974,1565.8558953305733
16,3.521579180665857,19.421798491223594,912.479553132742,0.19992261488746602,0.0009341355059135081,1565.8580783340838
16,3.6735132717719967,14.365959430006392,912.018438374083,0.17263260380291925,0.000659853794568746,1565.8585567188072
16,3.9494267782115102,8.306318764866429,911.3111753459942,0.13993772865007942,0.0004017765980443765,1565.8591240225244
16,4.336949578765328,3.8474719809106643,910.4867195366455,0.11587421907845384,0.00026071659719256366,1565.8596196767314
16,4.65190354913507,2.058973384769772,909.8932458237504,0.10620373535246086,0.0002156178581145711,1565.8599168280432
16,5.046055941688616,0.9413847532749641,909.197477774352,0.10013149939313863,0.00019068440951326875,1565.8602350589624
16,5.3184229364153275,0.5480453293704134,908.7326799295472,0.09797283193821742,0.00018246830770176666,1565.8604384151456
16,5.713423348381354,0.2501378493274806,908.0702984187101,0.09630642482339472,0.00017639436925308565,1565.8607219932212
16,6.064537457897355,0.12456475642230672,907.4876696608911,0.09557274844335291,0.00017383044575135085,1565.8609683430138
16,6.398011925727934,0.06424727077780867,906.9370922982022,0.09519222833988877,0.00017255929461557705,1565.86119985823
17,0.0,35648.51864611692,2811.714914104929,156.96749640782858,734.5607444660562,2228.5202734642444
17,0.6219429208380503,10369.000927652854,849.4770345834537,53.46428883136819,60.86662646298998,1193.6532459678401
17,0.9113903760165353,5836.363955505173,694.757921237707,24.3558220936936,19.110979632624797,1084.271406034003
17,1.1182997399295067,3869.9976865262392,635.985033336533,14.729514414296892,8.354007016228714,1057.8964221620947
17,1.3767844719466047,2316.29239370897,592.7226189880543,8.207253310013387,2.974877738383584,1057.9911539745428
17,1.5447345906513137,1659.537113652125,575.2045022394075,5.713568248086111,1.5232707091693567,1059.4511225409374
17,1.8779978278158256,856.2226767313621,554.2984936711106,2.862698776093477,0.4053212504484213,1060.5789989062218
17,2.0290213783002855,634.3750457479413,548.5914159216422,2.1127682709637727,0.22317865401540413,1060.7638397026067
17,2.3021807629962625,368.79915635462885,541.7403443788802,1.2358100350549157,0.0765029145174336,1060.913744832113
17,2.5629504418699973,219.75804633428893,537.8256724592034,0.753518048591006,0.02798532579376741,1060.964099857136
17,2.864521282913304,120.74334181886968,535.1151423814625,0.43703698074499636,0.009044084677065576,1060.984306061853
17,3.192667262512879,62.936255592313664,533.3916234622827,0.25374315040363243,0.0028440634712050797,1060.9913029300944
17,3.325615628332052,48.335091812155234,532.9087866904958,0.2076224057601519,0.001838734687144471,1060.9925293081164
17,3.613097916832447,27.3115042266002,532.1216980567694,0.1413430883557649,0.0007846264402462617,1060.9939400359438
17,3.8372846815720045,17.5020765529743,531.6680909568905,0.11046917585226995,0.00045061387492056746,1060.994476511738
17,4.121545112272391,9.952422138412667,531.2117110861179,0.08672687650969903,0.00026115183555938784,1060.9948666155822
17,4.42974047521634,5.397336532726032,530.8050818922087,0.0724041877623097,0.00017506307561055058,1060.9951286191206
17,4.705384350944526,3.1219052584783307,530.485108373116,0.06524341707965067,0.0001399135238549806,1060.9953004773306
17,5.0252501740021405,1.6545286900538005,530.1423621052525,0.060614603240835854,0.00011998127902774044,1060.9954655768304
17,5.281257751163535,0.9952033908722847,529.8806303240355,0.058524814932628386,0.00011170263882123346,1060.9955841059102
17,5.520118093902316,0.6193193105691428,529.6423167352513,0.057324688239634214,0.000107158802384079,1060.995688741991
17,5.706148753536877,0.42802201962117326,529.4592321406805,0.05670769950376591,0.00010488824310053734,1060.995767781031
17,5.874894254535889,0.3062044476403504,529.2944600381385,0.05630989284191737,0.0001034521241686228,1060.995838241285
17,6.183484886363434,0.16591792946295614,528.9952551948415,0.055840513367018126,0.00010179582137194601,1060.9959651307788
17,6.4921982922071715,0.08987920781409402,528.6976486906271,0.055572069971259894,0.00010088076409170646,1060.996090527111
17,6.65084304610015,0.0655821442401793,528.5451324389556,0.055480321704679376,0.00010057878937159714,1060.9961546036304
18,0.0,16297.129140594248,2335.0631388127044,468.0028091042954,696.9225104116798,2710.3614426949257
18,0.3331614090702288,8410.735987637485,1742.6472586016891,88.55097908632338,183.44770483055686,2494.1951645423997
18,0.5106437290934899,5912.485909348182,1559.2126113195095,55.3807091899519,90.08754667745757,2420.1704805755635
18,0.6574843735106977,4417.2753001908495,1458.0017951890827,38.576879611465074,50.037821466652865,2389.7117502483957
18,0.970970547174973,2370.335214454261,1328.9669395561389,18.8305976634549,14.265754585115745,2396.590446115968
18,1.3242038376466858,1175.5046013026924,1258.2141984935156,8.879696899943452,3.4776134798598073,2407.4123030586557
18,1.6275434710754735,643.6374556134853,1227.5271995412052,4.794808955596338,1.0382810250323278,2409.8661643386154
18,1.8381899260842585,423.6226853010479,1214.8493154128482,3.1648248299375132,0.4499977757603163,2410.4604262669714
18,2.1109065534499742,246.49558101107507,1204.5060725510018,1.8776883663753716,0.15357713044694604,2410.761706946193
18,2.379930295552171,144.48920225765966,1198.343616474694,1.1466020812742859,0.0539113837695131,2410.864253396174
18,2.760900120594459,67.81372091944056,1193.3443935144967,0.6020235069247961,0.012796965792258374,2410.907684518225
18,2.977202384181166,44.134839631782555,1191.5915428480996,0.4347298750950521,0.005899010969701895,2410.915384890661
18,3.126637179800967,32.80365149243661,1190.6545443007187,0.3548254536963769,0.003556476502468627,2410.9181523844386
18,3.4897170477996706,15.953507840717599,1188.9590361660844,0.23618344199340735,0.0012100277091244098,2410.9212569603533
18,3.8581355968657314,7.676888114924448,1187.7180163164755,0.1779738344169591,0.0005504736036931474,2410.9224594589427
18,3.9726152753662998,6.1150604680683145,1187.387260481532,0.16698974238225162,0.0004619800181542804,2410.9226907647994
18,4.132082484618144,4.455814837222692,1186.9545875027234,0.1553167036935243,0.00038042582039124435,2410.9229580101264
18,4.422967580697982,2.50081966450886,1186.2236367638352,0.14154761635584276,0.00030059330588409663,2410.923349059332
18,4.759621127388433,1.2817307409017615,1185.4345670673697,0.1329327710773665,0.00025961414015543074,2410.9237233890562
18,5.041628879410599,0.7322019917389052,1184.7994315160101,0.12902275285532375,0.00024329337922662187,2410.924006765523
18,5.199105638248566,0.5355253673303161,1184.450854724791,0.1276112918996681,0.00023775929982215488,2410.9241585589043
18,5.334398110827226,0.40932355329442527,1184.1537712503412,0.12669816968385536,0.0002342857433989591,2410.924286564575
18,5.586189901046781,0.24833705451062085,1183.6050526402598,0.12551600968109491,0.00022992622135163261,2410.9245207263975
18,5.930843023044485,0.12525016070143744,1182.8596167206658,0.12457853314004447,0.00022660938091410685,2410.924835951016
18,6.095963177366123,0.0902399993090524,1182.5039418261904,0.12429698114835011,0.0002256512426006301,2410.92498566256
18,6.218502985827958,0.07075419841521907,1182.240405471295,0.12413345445509283,0.00022510798561933246,2410.92509640541
18,6.483816484565949,0.04178079099555311,1181.6707296861493,0.12387177784268985,0.00022426985846084912,2410.9253354191324
18,6.641361629006526,0.03055817662119851,1181.3329036416494,0.12375819726169528,0.00022392414947962122,2410.9254769890595
18,6.761588745151807,0.024062767492545056,1181.0752751200164,0.12368597603723343,0.00022371261149904177,2410.92558489317
19,0.0,49504.10932675857,2968.5506915770284,14.866147938059235,144.91183819981222,3871.860110001565
19,0.5412852186288878,16899.430624989163,617.3263641162389,64.3317684485611,16.784388902359552,1027.8007144451974
19,0.8876532004522646,8495.935071226251,427.9839320598241,21.972413131872624,4.232266228251151,772.3501443403336
19,1.107153865781735,5494.442569043891,374.4156903389226,12.347859338316587,1.771885509682358,715.2776019497301
19,1.2953767738322206,3780.8795817035702,346.63346558280693,7.842053527241134,0.8420440096098992,696.449205441314
19,1.4785130406633078,2628.257145588238,328.99497495122193,5.168680422003927,0.4098767520214866,694.0357458610818
19,1.6868044684118133,1738.00163576885,315.90383273082216,3.285354501098776,0.18190055991905626,694.2699796380297
19,1.9598767613466919,1010.630405533801,305.5096834547976,1.8573587554050766,0.06371564027956546,694.393104895825
19,2.218222784780435,605.0867562142936,299.7949291812346,1.102650278589679,0.024222866825918354,694.4353012066264
19,2.4248275391322442,401.46142994132134,296.9216299873053,0.7346335945116444,0.011472907386634887,694.4494056928957
19,2.7160538329036985,225.16210629649572,294.3946622986757,0.4218509469792189,0.004231863787545769,694.4578334551013
19,3.0187840654879365,123.43485029671017,292.8742227703869,0.2438456862696211,0.0016460393333676392,694.4611290534476
19,3.2862677498804467,72.57908913664453,292.0554270731351,0.15554625872312744,0.0007867173119627685,694.4623674477047
19,3.502456224396009,47.2501699467887,291.6045973780272,0.11174403251480951,0.00046565005368419453,694.4628952202428
19,3.789627058977749,26.71513675005116,291.18054755911766,0.07631990938767279,0.0002571904731779821,694.4632956927668
19,4.067197893941983,15.397165910867864,290.88421251428736,0.05682911919411082,0.00016202294471000266,694.4635228431196
19,4.269295051156183,10.306044448079122,290.71032755317196,0.04806820088407716,0.00012374595653281376,694.463637447379
19,4.460255354955456,7.05346155097959,290.5667329440713,0.04247193332248549,0.00010075758131382032,694.4637227822684
19,4.723980018661242,4.178513846848287,290.3899201217012,0.037523635504582716,8.137987707896362e-05,694.463818117522
19,5.007682540361798,2.378942528375913,290.2169224905382,0.03442194744110969,6.969143562883018e-05,694.463903397466
19,5.290922072038341,1.3555869830822525,290.05452341364395,0.032652565276702995,6.31882931167157e-05,694.4639785062362
19,5.505773474707698,0.8847344650283159,289.9354284675602,0.03183425014441821,6.022598514984502e-05,694.4640315800261
19,5.775505646872574,0.5179654747072648,289.78894234654405,0.03119150499219284,5.79253362553789e-05,694.4640953654985
19,6.1712365374315,0.23608082681326173,289.57754127042983,0.030687474371353107,5.614891227313645e-05,694.464185696593
19,6.3996438931446855,0.14997301830783388,289.45660481130204,0.030527703357721897,5.5597556042735845e-05,694.4642368537939
20,0.0,37976.94489645207,2218.2326819975483,469.532603450534,975.2109827230825,4106.556236237675
20,0.05692658391486986,33918.162059970564,1856.1979896210635,397.1137539117443,776.3519818800294,3626.4199218061676
20,0.4194950600254615,16511.345888289205,897.6128074609792,91.3095153179836,181.64295415917468,2172.2029912743233
20,0.8020069066844273,7725.800686986314,611.5066536901171,28.497066838146637,39.249737777483006,1718.0185089259116
20,0.9805661114406086,5419.402175767413,551.6975457439239,17.942872098803743,19.19879853605141,1639.4525189701765
20,1.0841965361422663,4411.5539831429705,527.2700116277892,13.932641021171355,12.680831368774875,1615.9223971333186
20,1.3290990601724062,2712.758977350458,488.27681924376867,7.917964068626894,4.761238442872899,1604.4750159900602
20,1.4839127374710896,1994.7549107743648,472.5658940939087,5.6371889303527185,2.5642267335448787,1606.679544347288
20,1.87540211375667,916.859136315648,449.7248233417357,2.484174797402434,0.5385142084406017,1608.716117858337
20,2.244711644291935,440.3859442079593,439.8005974928687,1.1893021859865887,0.12470765099585361,1609.1346124671425
20,2.6329111100710167,203.7483571314379,434.786238755383,0.5680672926468794,0.02738408814901845,1609.234291041495
20,2.9140720073932425,116.58342593254608,432.84430590306647,0.34288794090433083,0.009386491725317985,1609.2531942525434
20,3.168620117464035,70.32678130311547,431.7346707476388,0.22420269925653832,0.0036922660892273313,1609.2594017852412
20,3.5184354722781044,35.111599889485746,430.76993089855347,0.13423601923412715,0.0011312886998623233,1609.2624035197603
20,3.8141401619848105,19.521298153019565,430.23370035508003,0.09451587480841582,0.0004820080537751444,1609.2632934883125
20,3.988707464894984,13.803429296712544,429.98569046987024,0.079964170364079,0.0003175241247565777,1609.2635676959947
20,4.3689932763723425,6.486056515794397,429.54640355537947,0.061349428712328964,0.00016411684753565045,1609.2639124592047
20,4.600903111362002,4.093152572425241,429.31918762734205,0.05525973701136608,0.0001277404357767625,1609.2640463334887
20,4.932969979854792,2.116615790973638,429.02237373260414,0.05022176655154207,0.00010273542538961172,1609.264197481696
20,5.183251366951338,1.2880075749916415,428.8117079642222,0.0481021418922544,9.359036005586531e-05,1609.264295549295
20,5.338258239882876,0.9467813922327424,428.68464482579026,0.04722542570306667,9.00467092922045e-05,1609.2643525587225
20,5.5270362939857,0.6507202177156773,428.53228146754526,0.046460600972965935,8.707245892709515e-05,1609.264419524898
